feature,f_score,p_value,selected
hsa-mir-183,450.65859046180344,1.6313632537002193e-64,True
hsa-mir-182,328.5238071137117,5.127966282403906e-52,True
hsa-mir-96,278.543388994832,3.14284877872034e-46,True
hsa-mir-200a,235.90951036388626,6.560447335798665e-41,True
hsa-mir-1307,217.01401280317015,2.0053714811745305e-38,True
hsa-mir-141,200.5839973719599,3.411900069792099e-36,True
hsa-mir-200b,191.45108225207844,6.348858592838242e-35,True
hsa-mir-429,187.68260123631492,2.1528772970769227e-34,True
hsa-mir-200c,182.3854822294972,1.2160366385473773e-33,True
hsa-mir-130b,171.38232776633208,4.6958807628163226e-32,True
hsa-mir-15b,159.80372943949382,2.393955683283864e-30,True
hsa-mir-484,146.21199339547465,2.723683134089441e-28,True
hsa-mir-425,139.08900307412304,3.43592257536791e-27,True
hsa-mir-106b,131.58472553868603,5.175926632186804e-26,True
hsa-mir-210,130.21112876966316,8.544057987917529e-26,True
hsa-mir-1301,127.77572162997501,2.0854683148611814e-25,True
hsa-mir-16,122.96196017452515,1.2339298359557017e-24,True
hsa-mir-18a,115.61913121990125,1.9273066055375635e-23,True
hsa-mir-191,111.34095781490997,9.761742788031278e-23,True
hsa-mir-148b,110.59887695198472,1.295501695604817e-22,True
hsa-mir-93,105.61798857004487,8.76679420620264e-22,True
hsa-mir-139,104.24251232778592,1.4922432493686851e-21,True
hsa-mir-331,97.13403693984421,2.396192060331464e-20,True
hsa-mir-345,96.16429854900984,3.512121454007873e-20,True
hsa-mir-1976,94.23440513339976,7.536421436108444e-20,True
hsa-mir-324,89.03669687030605,5.996594524963335e-19,True
hsa-mir-205,88.5131360203719,7.400551797058895e-19,True
hsa-mir-202,84.9328251971775,3.141619920224064e-18,True
hsa-mir-671,82.49034561079812,8.485569151109085e-18,True
hsa-mir-766,80.26269397725923,2.1112570568060515e-17,True
hsa-mir-3613,77.93381836984328,5.5049809974082825e-17,True
hsa-mir-4746,74.76603144169528,2.0457207623368987e-16,True
hsa-mir-744,74.631209505037,2.1637729795747372e-16,True
hsa-mir-15a,74.59784876694326,2.194027268715272e-16,True
hsa-mir-185,74.28060185043715,2.5038809812193755e-16,True
hsa-mir-940,71.07577126096521,9.56782341616516e-16,True
hsa-mir-454,68.76621522000025,2.531518764437172e-15,True
hsa-mir-107,67.7232642291233,3.935886993813308e-15,True
hsa-mir-3074,66.35649264419749,7.0308866896802194e-15,True
hsa-mir-877,64.89341640336801,1.311426740191878e-14,True
hsa-mir-501,63.34490727864094,2.5435451988780128e-14,True
hsa-mir-1266,63.11256728343272,2.810015288607521e-14,True
hsa-mir-143,63.003150419138144,2.9450658068973105e-14,True
hsa-mir-128,62.65646180632617,3.4176607559444785e-14,True
hsa-mir-7,62.57329782947077,3.54194960736732e-14,True
hsa-mir-197,60.96445702380122,7.080159421434358e-14,True
hsa-mir-3615,60.83062781717007,7.501081323053131e-14,True
hsa-mir-301a,60.699126852326124,7.939209627587053e-14,True
hsa-mir-32,58.56438756262247,2.0009325046498286e-13,True
hsa-mir-423,57.85737815137091,2.7208887667268164e-13,True
hsa-mir-769,57.631515000944134,3.0019750372384493e-13,True
hsa-mir-140,57.18631156942913,3.644557324714896e-13,True
hsa-mir-133a,55.32750297763959,8.212625609148059e-13,True
hsa-mir-135b,55.118789459714776,8.999417160304437e-13,True
hsa-mir-106a,54.54237584666962,1.1589537821741574e-12,True
hsa-mir-145,54.010497703443505,1.4641605037601621e-12,True
hsa-mir-330,53.27198850780373,2.0267745997282717e-12,True
hsa-mir-340,52.04394157318998,3.4856851194802584e-12,True
hsa-mir-100,51.946263249622845,3.639601264875307e-12,True
hsa-mir-196b,51.596221177823544,4.249579344405732e-12,True
hsa-mir-17,51.158448621191994,5.159392979243488e-12,True
hsa-mir-3200,49.83601015949499,9.28450950694363e-12,True
hsa-mir-590,49.75935531018096,9.606811426435774e-12,True
hsa-mir-98,48.552047961035555,1.6460193937419062e-11,True
hsa-mir-133b,48.28681442404586,1.8531965178377324e-11,True
hsa-mir-92a,48.25550786299399,1.8793223526147638e-11,True
hsa-mir-101,47.13248173291615,3.1078978186279344e-11,True
hsa-mir-203a,46.49824840428945,4.132065201024024e-11,True
hsa-mir-942,46.16929348785798,4.790913352082275e-11,True
hsa-mir-21,45.749086578058034,5.7887473622106766e-11,True
hsa-mir-7706,45.67002767521835,5.998672406609075e-11,True
hsa-mir-652,44.321987637336946,1.1025846132169257e-10,True
hsa-mir-550a,44.1904041607916,1.1702368917637207e-10,True
hsa-mir-19a,43.1681052085541,1.860172038221963e-10,True
hsa-mir-301b,42.62606493861701,2.3797453909500384e-10,True
hsa-mir-1,42.408119532711154,2.627814052504309e-10,True
hsa-mir-1247,42.25318397836704,2.819851092066382e-10,True
hsa-mir-25,41.87335728755323,3.3526016467886806e-10,True
hsa-mir-592,41.518299222707775,3.942002507082263e-10,True
hsa-mir-421,40.708001570695195,5.708525628867221e-10,True
hsa-let-7g,39.19253721355239,1.1438695996437267e-09,True
hsa-mir-103a,39.08753717222826,1.2004508532450047e-09,True
hsa-mir-142,39.02070925598812,1.2379216833523002e-09,True
hsa-mir-381,38.77047677068281,1.3889995344464242e-09,True
hsa-mir-1306,38.25020401157162,1.7652533665565331e-09,True
hsa-mir-20b,37.984211249764144,1.9957160288837476e-09,True
hsa-mir-3127,37.2935317061276,2.745939371385936e-09,True
hsa-mir-3934,36.962149012065325,3.2010837277546407e-09,True
hsa-let-7d,36.35756784908082,4.23643823158897e-09,True
hsa-mir-3170,36.13700279406314,4.693118659296543e-09,True
hsa-mir-556,35.21293736656231,7.2124841127481965e-09,True
hsa-mir-92b,34.43978564131737,1.0343639717902995e-08,True
hsa-mir-19b,33.72128771608332,1.4473048090969845e-08,True
hsa-mir-99a,33.67336102251297,1.4801438664683246e-08,True
hsa-mir-505,33.37519472583048,1.7020006118790526e-08,True
hsa-mir-576,33.34608296351255,1.7253818397390922e-08,True
hsa-mir-542,33.33089280841893,1.737710060834413e-08,True
hsa-mir-155,33.30103017050898,1.7622056731782424e-08,True
hsa-mir-23a,33.16947844412433,1.8743238884717355e-08,True
hsa-mir-589,32.966829114348606,2.06126649035483e-08,True
hsa-mir-3614,32.77086983004932,2.25989392795281e-08,True
hsa-mir-181a,32.48834788795342,2.5807082970995892e-08,True
hsa-mir-4677,32.11990041384942,3.0690843526468755e-08,True
hsa-mir-616,32.06753054297135,3.1456855142751526e-08,True
hsa-mir-375,31.27945931972502,4.561069343408429e-08,True
hsa-mir-363,30.911682721008535,5.426505883236709e-08,True
hsa-mir-188,30.157911496734982,7.753109886909647e-08,True
hsa-mir-27a,29.19531361602707,1.2245528308565813e-07,True
hsa-mir-186,29.028676012720222,1.3255979565479066e-07,True
hsa-mir-10b,28.887769776761967,1.4175732504394736e-07,True
hsa-mir-20a,28.586364230023747,1.636496650071594e-07,True
hsa-mir-146a,27.962030009325595,2.2046108752850364e-07,True
hsa-mir-192,27.905635570729476,2.2648362492812133e-07,True
hsa-mir-455,27.14763015822384,3.255422618428952e-07,True
hsa-mir-4724,27.108477186761366,3.3171012862087095e-07,True
hsa-mir-577,26.87408682608306,3.7117849176426194e-07,True
hsa-mir-1226,26.828949384720914,3.7930635622750616e-07,True
hsa-mir-937,26.75245007492323,3.9349342484928393e-07,True
hsa-mir-1254,26.648702257573902,4.135925859309973e-07,True
hsa-mir-151a,26.609053289172167,4.2154440614620487e-07,True
hsa-mir-500a,26.56457999081064,4.3064733957880677e-07,True
hsa-mir-181b,26.541162616843106,4.355198642146781e-07,True
hsa-mir-339,26.54089330600967,4.355762226136475e-07,True
hsa-mir-24,26.360652434325683,4.749935265907707e-07,True
hsa-mir-18b,25.832765286216503,6.123960926983086e-07,True
hsa-mir-4664,25.480262828058883,7.25846795379911e-07,True
hsa-mir-3622a,25.012578494886785,9.097817658226285e-07,True
hsa-mir-29c,24.93729134285052,9.435073814388135e-07,True
hsa-mir-3652,24.80355134531108,1.006557689285443e-06,True
hsa-mir-2277,23.886240439886212,1.5701633268573286e-06,True
hsa-mir-1343,23.629417757403875,1.7788585963684826e-06,True
hsa-mir-33b,23.483463128887642,1.9097123064716784e-06,True
hsa-mir-653,23.424165461599316,1.9656102775002955e-06,True
hsa-let-7c,22.89188720756326,2.5474661084545455e-06,True
hsa-mir-342,22.657213744706013,2.8565295919114565e-06,True
hsa-mir-4652,22.594144235936223,2.9458632676353538e-06,True
hsa-mir-3605,22.59275039331697,2.947869068903123e-06,True
hsa-mir-3651,22.44706574022221,3.1652992341946947e-06,True
hsa-mir-491,22.407152724203396,3.2276440544344078e-06,True
hsa-mir-3136,22.132546352435703,3.691530007859625e-06,True
hsa-mir-6877,21.92386749735513,4.088582682276269e-06,True
hsa-mir-7705,21.517468470566204,4.989926605014352e-06,True
hsa-mir-4326,21.361930118600178,5.3857941093550015e-06,True
hsa-mir-4661,21.33299461764424,5.462864224345715e-06,True
hsa-mir-193b,21.314151967483077,5.513649364999722e-06,True
hsa-mir-3928,21.244128440103754,5.706590287160208e-06,True
hsa-mir-1292,21.142259104433222,5.999515184371698e-06,True
hsa-mir-5001,21.121455169452506,6.061178467546091e-06,True
hsa-mir-629,20.952142689509795,6.587416575261118e-06,True
hsa-mir-6815,20.59496899966664,7.853896130047791e-06,True
hsa-mir-1180,20.50822034081894,8.196957594864471e-06,True
hsa-mir-320b,20.229358382823403,9.405698176228842e-06,True
hsa-mir-215,20.018711306387512,1.0436827280845538e-05,True
hsa-mir-450b,19.675244453272573,1.2368852523463686e-05,True
hsa-mir-450a,19.463785894184785,1.3734153439273949e-05,True
hsa-mir-9,19.32152917127041,1.4737352417079893e-05,True
hsa-mir-379,18.978054805990073,1.7475641606197856e-05,True
hsa-mir-203b,18.819532067941964,1.890754298389032e-05,True
hsa-mir-29a,18.782912625915287,1.925483333985114e-05,True
hsa-mir-628,18.729373605759655,1.9774217670127427e-05,True
hsa-mir-760,18.70861745483582,1.9979360602458737e-05,True
hsa-mir-643,18.469730443352653,2.2501060014321956e-05,True
hsa-mir-3065,18.26091864903398,2.4967607212450663e-05,True
hsa-mir-3619,17.853432742663895,3.059653196149514e-05,True
hsa-mir-146b,17.701376730444302,3.30117417848075e-05,True
hsa-mir-1245a,17.46646794610397,3.7127534521334386e-05,True
hsa-mir-181c,17.248266281734278,4.141447720756741e-05,True
hsa-mir-6783,17.219475266668788,4.2016322776496265e-05,True
hsa-mir-3616,17.177201008508934,4.291608176168378e-05,True
hsa-mir-4742,17.007854478459706,4.672009823423125e-05,True
hsa-let-7e,16.88198621008313,4.976684114448805e-05,True
hsa-mir-195,16.809018127824213,5.162429596694127e-05,True
hsa-mir-411,16.47594049149056,6.103507156668182e-05,True
hsa-mir-3664,16.464994978934904,6.137219423650655e-05,True
hsa-mir-3940,16.221574790352967,6.937623875086066e-05,True
hsa-mir-125b,16.00503680137913,7.738074391674644e-05,True
hsa-mir-3691,15.96380281567699,7.90077969224009e-05,True
hsa-mir-519a,15.701380369865582,9.020590205847099e-05,True
hsa-mir-1228,15.674462152952808,9.144180123968004e-05,True
hsa-mir-579,15.309029399716337,0.00011001923419646243,True
hsa-mir-95,15.006613167590213,0.0001282554650657443,True
hsa-mir-636,15.005090387802213,0.0001283546439148064,True
hsa-mir-129,14.768244758573983,0.00014476529959426423,True
hsa-mir-4449,14.768213754517106,0.00014476758134948154,True
hsa-mir-6509,14.724132867904725,0.00014804884077198582,True
hsa-mir-299,14.645487040269472,0.0001540912131835872,True
hsa-mir-1248,14.381071022151726,0.00017629958924626806,True
hsa-mir-424,14.317601483733021,0.00018209662081265822,True
hsa-mir-1249,14.086212370385224,0.00020491559744142837,True
hsa-mir-365a,14.002458312924198,0.00021387164304329195,True
hsa-mir-548e,13.991457978963313,0.00021507703939666195,True
hsa-mir-5581,13.980856122930948,0.00021624528406345226,True
hsa-mir-365b,13.97908615447208,0.0002164409465169223,True
hsa-mir-6842,13.909734541470625,0.00022425034459157888,True
hsa-mir-194,13.902354679954795,0.00022509799004692986,True
hsa-mir-1229,13.705867178437881,0.0002489007993041799,True
hsa-mir-4758,13.282432564110932,0.0003092450925632782,True
hsa-mir-874,13.096893374522551,0.00034017360749428576,True
hsa-mir-99b,13.083148110389116,0.0003425860338718455,True
hsa-mir-548j,13.054623525594675,0.0003476478743647357,True
hsa-mir-204,13.025399050835016,0.00035291258716080103,False
hsa-mir-335,12.926288921370203,0.00037137664572771254,False
hsa-mir-1287,12.673899725669518,0.00042294746579433937,False
hsa-mir-7854,12.657808141365091,0.00042647193855081914,False
hsa-mir-651,12.656140834796203,0.0004268388209814407,False
hsa-mir-6516,12.651097559327948,0.00042795051843822466,False
hsa-mir-4473,12.606340219699645,0.0004379460620999755,False
hsa-mir-27b,12.603765357317858,0.0004385282525271241,False
hsa-mir-548v,12.559735522613908,0.00044860603926502504,False
hsa-mir-23b,12.432515761217193,0.0004790652687612515,False
hsa-mir-8072,12.00732136135197,0.0005969634255015464,False
hsa-mir-219a,11.919602545067592,0.000624740985634504,False
hsa-mir-138,11.870257196423392,0.0006409401581606004,False
hsa-mir-33a,11.863642764634678,0.0006431437355793732,False
hsa-mir-10a,11.802689187780972,0.0006638158665858545,False
hsa-mir-516a,11.716344739090845,0.0006942599424641238,False
hsa-mir-4802,11.502102468348031,0.0007760724718340939,False
hsa-mir-4763,11.498930707791901,0.0007773545863700831,False
hsa-mir-26a,11.475963891178157,0.000786702850878966,False
hsa-mir-3158,11.417177490283077,0.0008111546663710174,False
hsa-mir-224,11.312947897120386,0.0008564231961990664,False
hsa-mir-3064,11.20928748951295,0.0009039927604116492,False
hsa-mir-559,11.159731695374024,0.0009276741166681035,False
hsa-mir-1296,11.059823780513348,0.000977352916841921,False
hsa-mir-4709,10.925347492419329,0.001048521702136376,False
hsa-mir-4728,10.903073028156594,0.0010608089612886933,False
hsa-mir-2110,10.870358673691959,0.0010791211646986583,False
hsa-mir-3944,10.782222334366413,0.0011300727430740578,False
hsa-mir-149,10.661470264513342,0.0012038789738920601,False
hsa-mir-500b,10.622328823050884,0.0012288409177449568,False
hsa-mir-1284,10.601862399438128,0.001242102118563107,False
hsa-mir-4660,10.528950137155148,0.0012905404324555407,False
hsa-mir-2116,10.368647827551868,0.0014039076992309208,False
hsa-mir-659,10.326194199603012,0.0014355949032889114,False
hsa-mir-639,10.324323639083975,0.0014370077094391098,False
hsa-mir-6761,10.267776773943595,0.0014803914843532092,False
hsa-mir-147b,10.214633764863708,0.0015223790429917193,False
hsa-mir-449b,10.184384874700712,0.0015468177474355842,False
hsa-mir-5586,10.054138561646084,0.0016566954841975652,False
hsa-mir-3187,10.04813252673323,0.0016619498791284081,False
hsa-mir-3173,10.017588745769649,0.0016889350152212933,False
hsa-mir-3174,9.820205442119338,0.0018744229892001577,False
hsa-mir-6514,9.730592652414149,0.0019653631224389573,False
hsa-mir-1269a,9.726772224840724,0.0019693385893117667,False
hsa-mir-30c,9.618381804808456,0.0020856091164723083,False
hsa-mir-449a,9.613933961407874,0.0020905271008569435,False
hsa-mir-6511b,9.593745262787435,0.002112998813206999,False
hsa-mir-187,9.54657508228385,0.0021664680317005245,False
hsa-mir-6501,9.438199319970582,0.0022946044468425708,False
hsa-mir-6499,9.378330249989453,0.002368677791091689,False
hsa-mir-31,9.336211598930424,0.0024222469403788454,False
hsa-mir-624,9.105974995880313,0.002737714373443538,False
hsa-mir-449c,9.02891127636053,0.002852428632430184,False
hsa-mir-3654,8.894953741482837,0.00306364789199723,False
hsa-mir-522,8.851608511539451,0.0031353606695064856,False
hsa-mir-676,8.787500656720686,0.003244581319894606,False
hsa-mir-181d,8.687539115674461,0.0034226998869855787,False
hsa-mir-148a,8.671845200972474,0.003451558678058189,False
hsa-mir-489,8.629583330321164,0.0035305148353964974,False
hsa-mir-1276,8.616668727577125,0.0035550090729665443,False
hsa-mir-22,8.522364005408667,0.003739217531005762,False
hsa-mir-934,8.513137680226075,0.0037577559070138687,False
hsa-mir-4685,8.392643063614424,0.004008676550847824,False
hsa-mir-4676,8.388668906712187,0.004017238382219743,False
hsa-mir-4640,8.295790959519332,0.004222749481796198,False
hsa-mir-4444,8.189232233140661,0.004471832369363641,False
hsa-mir-1224,8.187672564500005,0.0044755877190273885,False
hsa-mir-3909,8.126130492595344,0.004626373892320106,False
hsa-mir-513c,8.065024045814338,0.0047812419253624215,False
hsa-mir-5699,8.05695592780415,0.004802082776320628,False
hsa-mir-3607,8.036723983518627,0.004854754237511418,False
hsa-mir-3176,7.9744396003678695,0.005020649190524857,False
hsa-mir-3620,7.924763479944093,0.005157117691903902,False
hsa-mir-3131,7.912479043382722,0.005191447344786476,False
hsa-mir-105,7.845732444454679,0.005382110471704076,False
hsa-mir-4745,7.801560514525026,0.005512220817287327,False
hsa-mir-4443,7.793460543841128,0.005536427217176066,False
hsa-mir-6716,7.792480564092642,0.005539363221930528,False
hsa-mir-3199,7.749527242028606,0.005669631296414829,False
hsa-mir-3684,7.68818374201424,0.00586114052107882,False
hsa-mir-944,7.437648947797593,0.006714801014873364,False
hsa-mir-891a,7.333653101343483,0.007105701826095651,False
hsa-mir-3917,7.312169500199576,0.007189325087229136,False
hsa-mir-580,7.020550307993417,0.00842988482516345,False
hsa-mir-5091,6.872546695024992,0.00914171404452181,False
hsa-mir-627,6.812545806499973,0.009447651257057052,False
hsa-mir-3942,6.786594652965018,0.00958321988095981,False
hsa-mir-1270,6.6737090455131085,0.010196654654538272,False
hsa-mir-4446,6.6614296379397935,0.010265778647815037,False
hsa-mir-28,6.6136133406075786,0.010539583227148123,False
hsa-mir-30d,6.565222502747025,0.010824347853553564,False
hsa-mir-4707,6.561563086542397,0.01084620237465404,False
hsa-mir-495,6.537275704028723,0.010992407532892831,False
hsa-mir-136,6.517838399922446,0.011110879371069273,False
hsa-mir-30b,6.417444533991253,0.01174409899619116,False
hsa-mir-6720,6.4012092246303265,0.01184994656248012,False
hsa-mir-600,6.394542838791144,0.011893693321803206,False
hsa-mir-320c,6.386697274978887,0.011945391766125236,False
hsa-mir-2276,6.362394404124854,0.01210701279655606,False
hsa-mir-1304,6.354340264008669,0.01216107171705883,False
hsa-mir-7974,6.3102099854768365,0.012461726956082397,False
hsa-mir-219b,6.275394475854404,0.012704331897497612,False
hsa-mir-3653,6.251019575647512,0.012877082377967084,False
hsa-mir-1293,6.234650939320274,0.012994450911082958,False
hsa-mir-767,6.223663382082748,0.013073854744062717,False
hsa-mir-34a,6.184079104282504,0.013364099415606361,False
hsa-mir-223,6.15447420897325,0.01358551893759446,False
hsa-mir-127,6.141697520364194,0.013682245810468915,False
hsa-mir-664b,6.126509290448727,0.013798156238110698,False
hsa-mir-548k,6.117289361962312,0.013869013719923782,False
hsa-mir-3922,6.009595641336389,0.014725091356230555,False
hsa-mir-551b,5.910597934855229,0.015560290306446983,False
hsa-mir-1910,5.884659127282911,0.015787129980943317,False
hsa-mir-6820,5.731633871782054,0.017196931813096592,False
hsa-mir-548s,5.722446656977872,0.017285617989192155,False
hsa-mir-758,5.62764310438536,0.018228968753642688,False
hsa-mir-154,5.576739175605206,0.018757383210613283,False
hsa-mir-323b,5.542790442057448,0.019118610444139168,False
hsa-mir-625,5.477884869813474,0.019829482809962325,False
hsa-mir-548t,5.45498439716471,0.020086805533317414,False
hsa-mir-377,5.41209917989952,0.020578066345841257,False
hsa-mir-152,5.4092790601368055,0.020610806060690188,False
hsa-mir-361,5.241880880090272,0.022654593799656026,False
hsa-mir-570,5.175872838663286,0.02351751209335983,False
hsa-mir-885,5.023343490528198,0.02564517235646706,False
hsa-mir-5010,4.997343757340403,0.026027432517058077,False
hsa-mir-320a,4.994401983125985,0.02607105689762131,False
hsa-mir-3690,4.94538320457837,0.026809314691794706,False
hsa-mir-4787,4.9426388007659225,0.026851287445682454,False
hsa-mir-4772,4.8483477515852496,0.028335887001976357,False
hsa-mir-1283,4.846953920665317,0.0283584654587923,False
hsa-mir-376c,4.786920838433379,0.029349014249560674,False
hsa-mir-1294,4.74353615308257,0.03008736022289692,False
hsa-mir-548o,4.713740470420613,0.030605687231817707,False
hsa-mir-6803,4.713021909399641,0.030618302237230725,False
hsa-mir-3188,4.686093322126132,0.031095007610773114,False
hsa-mir-520b,4.583205092596304,0.0329892603225098,False
hsa-mir-513a,4.564655006858775,0.033343468528929596,False
hsa-mir-337,4.551648085987903,0.03359421079534516,False
hsa-mir-23c,4.512189427431592,0.034367063940514996,False
hsa-mir-5680,4.483003173458685,0.03495071963049818,False
hsa-mir-4636,4.4828767875606665,0.03495326957305355,False
hsa-mir-211,4.459741235741925,0.03542335849299939,False
hsa-mir-1255a,4.380887042789011,0.037076159036767524,False
hsa-mir-452,4.377456499999025,0.037149880045681274,False
hsa-mir-5695,4.362034045477817,0.037483213268668755,False
hsa-mir-1269b,4.264768240347845,0.03965935962440405,False
hsa-mir-514b,4.179139226035018,0.041685448049565844,False
hsa-mir-4781,4.156327798327521,0.04224342001056422,False
hsa-mir-3130,4.112474803128583,0.04333834849474396,False
hsa-mir-503,3.9805307542728627,0.0468175269957366,False
hsa-mir-5579,3.941832108648659,0.047893145182175086,False
hsa-mir-655,3.926234841350913,0.04833404494209302,False
hsa-mir-26b,3.90472399929781,0.048949182279345686,False
hsa-mir-497,3.8970869991182573,0.04916956745381254,False
hsa-mir-499a,3.8746659799540253,0.04982268736502048,False
hsa-mir-326,3.7227301919280857,0.054498707491215034,False
hsa-mir-873,3.6951723468828264,0.055395751398071263,False
hsa-mir-4683,3.6895953535512196,0.055579195856595105,False
hsa-mir-6507,3.6466800695331045,0.057012656701120774,False
hsa-mir-190b,3.642716950089442,0.057147007233446706,False
hsa-mir-378c,3.5485450497699627,0.06044092278010383,False
hsa-mir-3913,3.40562999008191,0.06583352636897141,False
hsa-mir-412,3.2778191512701484,0.07109455070480028,False
hsa-mir-216a,3.235782082492661,0.07292232121170465,False
hsa-mir-190a,3.1213432520476174,0.07815979545714796,False
hsa-mir-502,3.0488845156165727,0.08168528534189622,False
hsa-mir-4442,3.0367963568391625,0.08229001986607774,False
hsa-mir-654,3.0143205982488803,0.08342735834234193,False
hsa-mir-151b,3.0082937944784507,0.08373522318677458,False
hsa-mir-6744,2.993337335791609,0.08450457759813486,False
hsa-mir-889,2.991745204844842,0.08458692699918467,False
hsa-mir-3609,2.983083650194184,0.08503645567163289,False
hsa-mir-6125,2.9811999974901537,0.08513455899236935,False
hsa-mir-378d,2.978975912736919,0.08525055078800085,False
hsa-mir-892a,2.846343852944392,0.09248849774013725,False
hsa-mir-597,2.8304108970543,0.09340209923705042,False
hsa-mir-1305,2.808765272041275,0.09465909371647906,False
hsa-mir-1291,2.787242941824627,0.09592728166034563,False
hsa-mir-196a,2.7806766588319864,0.0963178855666134,False
hsa-mir-2115,2.739986690675509,0.09877754591646205,False
hsa-mir-206,2.7211932920126363,0.099936747354517,False
hsa-mir-509,2.6917864094829445,0.10178065826270037,False
hsa-mir-1468,2.6680620148733074,0.1032954943014803,False
hsa-mir-212,2.578888596057084,0.1092152164674258,False
hsa-mir-221,2.55329277261791,0.11098275487762735,False
hsa-mir-383,2.5134481039571206,0.1137975028897425,False
hsa-mir-641,2.3254326263333143,0.1281936416085564,False
hsa-mir-891b,2.3215521285227108,0.12851140656077892,False
hsa-mir-216b,2.3022044756008224,0.1301089448895821,False
hsa-mir-199a,2.2920258967187523,0.13095830522932628,False
hsa-mir-642a,2.264903307973479,0.1332520658413922,False
hsa-mir-130a,2.2460133456160265,0.13487621192029192,False
hsa-mir-632,2.2358811534184158,0.13575652234902214,False
hsa-mir-410,2.2296375735949576,0.13630219459343257,False
hsa-let-7i,2.1332682991060543,0.14504585809947904,False
hsa-mir-5002,2.1267361937441933,0.14566106279971158,False
hsa-mir-935,2.1223756525229986,0.14607338938001388,False
hsa-mir-487b,2.0269528340595655,0.15543654033450305,False
hsa-mir-708,1.9682124495846092,0.16153962635500005,False
hsa-mir-888,1.844283136112236,0.17533980414888936,False
hsa-mir-134,1.8302008515858323,0.17699229836081376,False
hsa-mir-488,1.7965776384066685,0.18101135060383838,False
hsa-mir-1250,1.78389913851468,0.1825542751486591,False
hsa-mir-362,1.7106325858450937,0.1917766514021845,False
hsa-mir-582,1.65407120000045,0.19927069177711618,False
hsa-mir-599,1.6062109668530142,0.20588250064246633,False
hsa-mir-29b,1.5600281555074489,0.212510353752944,False
hsa-mir-378a,1.54266185321617,0.21506812906170603,False
hsa-mir-3157,1.5214570527638083,0.21824126966055535,False
hsa-mir-4423,1.4625406107774208,0.2273568015075211,False
hsa-mir-382,1.456728475566742,0.2282806572510417,False
hsa-mir-323a,1.4456562907263135,0.23005318751869724,False
hsa-mir-3117,1.4201462267446798,0.23420083920338444,False
hsa-mir-5696,1.3348833020534994,0.24874019750442103,False
hsa-mir-369,1.3163125252593808,0.25205222007905276,False
hsa-mir-217,1.2958561883564295,0.2557636935603441,False
hsa-mir-892b,1.2525775824493899,0.263841606023674,False
hsa-let-7f,1.2078493569180597,0.2725270397230841,False
hsa-mir-199b,1.1589353134140494,0.2824408560822425,False
hsa-mir-122,1.1357904285807348,0.2872910163427757,False
hsa-mir-3152,1.0706405693625047,0.30152764111778246,False
hsa-mir-370,1.0572393602103447,0.30456809702270854,False
hsa-mir-1295a,1.0462823742018224,0.30708362213405216,False
hsa-mir-374b,1.0151981316134606,0.3143689301349333,False
hsa-mir-3667,0.9881346980537964,0.32089739735325906,False
hsa-mir-193a,0.9537547572998499,0.3294516625454429,False
hsa-mir-451a,0.950878131576068,0.33018108632076804,False
hsa-mir-504,0.8976315676701395,0.3440826288697886,False
hsa-mir-3129,0.8903697632990396,0.34603935561867205,False
hsa-mir-549a,0.8856248047413007,0.3473260761851532,False
hsa-mir-329,0.845153751146138,0.35857111544091913,False
hsa-mir-409,0.8275956982098313,0.36360563138296054,False
hsa-mir-328,0.7935901540349662,0.3736393704611789,False
hsa-mir-30e,0.7505235861373046,0.3869143399854287,False
hsa-mir-2114,0.7393984650484469,0.39045249164158047,False
hsa-mir-214,0.7277943166851469,0.3941926793214353,False
hsa-mir-125a,0.6554490397993206,0.4187308568352631,False
hsa-mir-543,0.6347127641988128,0.42618138308275044,False
hsa-mir-433,0.6318910524199243,0.4272106058573647,False
hsa-mir-432,0.630803229142016,0.4276083931836119,False
hsa-mir-150,0.6276558844657761,0.42876245012625636,False
hsa-mir-320d,0.618252781796262,0.4322386035873875,False
hsa-mir-1271,0.6141105623177736,0.43378351306574514,False
hsa-mir-532,0.6090818657936096,0.4356703946729482,False
hsa-mir-584,0.5998456619626472,0.4391689115516785,False
hsa-mir-486,0.5578405489897452,0.4556417982520723,False
hsa-mir-598,0.5320619453875219,0.4662376216985056,False
hsa-mir-218,0.5295071243719169,0.4673091209875829,False
hsa-mir-126,0.5257905032403202,0.46887496576417065,False
hsa-mir-184,0.5208983340772103,0.4709490064773688,False
hsa-mir-376a,0.47119485425121954,0.49290041328888956,False
hsa-mir-561,0.4256967990912709,0.5145437980286875,False
hsa-mir-664a,0.4175725824789567,0.5185816258326015,False
hsa-mir-374c,0.41316660021496493,0.5207948117041181,False
hsa-mir-508,0.39435573179824657,0.5304353461367765,False
hsa-mir-675,0.3863197459347341,0.5346519414048281,False
hsa-mir-135a,0.3768774315244893,0.5396848895463329,False
hsa-mir-887,0.34447364142054926,0.5576432430317737,False
hsa-mir-496,0.34324949065309546,0.5583437129788784,False
hsa-mir-3144,0.3421978869163297,0.5589467916608548,False
hsa-mir-483,0.30580024827832064,0.5806280050130803,False
hsa-mir-876,0.2869930022405377,0.5925001478012332,False
hsa-mir-3912,0.28180419695090975,0.5958636621482526,False
hsa-let-7a,0.26777009151571707,0.6051641331939759,False
hsa-mir-153,0.2664886473704908,0.6060286655057141,False
hsa-mir-338,0.2656270220973608,0.606611446986856,False
hsa-mir-30a,0.2588738240497311,0.6112210749749365,False
hsa-mir-137,0.2562575802936331,0.6130272466526494,False
hsa-mir-618,0.25517585867390796,0.6137774202447277,False
hsa-mir-514a,0.23859354548842338,0.6255350068852662,False
hsa-mir-4662a,0.23735941831117785,0.6264301233230134,False
hsa-mir-144,0.2274288075205523,0.6337397227998709,False
hsa-mir-431,0.22241754501013863,0.6375029889844614,False
hsa-mir-615,0.21384920090288898,0.6440593810942787,False
hsa-mir-1262,0.2130635126656857,0.6446685231409425,False
hsa-mir-4521,0.20459602828601728,0.6513214625771278,False
hsa-mir-487a,0.18845065094768262,0.6644814092109672,False
hsa-mir-485,0.17766762585226353,0.673648615736726,False
hsa-mir-374a,0.1773240921448918,0.6739460047613197,False
hsa-mir-493,0.15413745184527447,0.6948555621462158,False
hsa-mir-574,0.12153743651177912,0.7275862283785947,False
hsa-mir-380,0.11122675595202353,0.7389549815052443,False
hsa-mir-494,0.10358937290296294,0.7477595262677731,False
hsa-mir-585,0.10280972484871968,0.748678247398506,False
hsa-let-7b,0.07894962873393802,0.7788948414523281,False
hsa-mir-222,0.07104304405048661,0.7899838162353421,False
hsa-mir-511,0.07036391289934422,0.7909665432751842,False
hsa-mir-1185,0.0592712382726517,0.8077966233919297,False
hsa-mir-506,0.05484682130292967,0.8149737061741155,False
hsa-mir-376b,0.051234094210454745,0.8210640396556199,False
hsa-mir-656,0.046764394458243985,0.8289204597036001,False
hsa-mir-4999,0.045139900229478586,0.8318728276972968,False
hsa-mir-296,0.043650738401674515,0.8346284250713902,False
hsa-mir-34b,0.037876431384512306,0.8458063618457049,False
hsa-mir-548b,0.036116873292952045,0.8493864331581146,False
hsa-mir-539,0.0277319921997856,0.8678383020124849,False
hsa-mir-132,0.022332602594742578,0.8812932613103417,False
hsa-mir-660,0.016505553803441275,0.8978489946587286,False
hsa-mir-34c,0.007563504874688124,0.9307472200592296,False
hsa-mir-490,0.006918033482957898,0.9337609940415126,False
hsa-mir-2355,0.006013779097972986,0.9382322478019152,False
hsa-mir-4800,2.598395080259081e-05,0.9959357992898179,False
